-- phpMyAdmin SQL Dump
-- version 5.0.1
-- https://www.phpmyadmin.net/
--
-- Host: 127.0.0.1
-- Generation Time: Jul 18, 2021 at 06:51 PM
-- Server version: 10.4.11-MariaDB
-- PHP Version: 7.2.28

SET SQL_MODE = "NO_AUTO_VALUE_ON_ZERO";
SET AUTOCOMMIT = 0;
START TRANSACTION;
SET time_zone = "+00:00";


/*!40101 SET @OLD_CHARACTER_SET_CLIENT=@@CHARACTER_SET_CLIENT */;
/*!40101 SET @OLD_CHARACTER_SET_RESULTS=@@CHARACTER_SET_RESULTS */;
/*!40101 SET @OLD_COLLATION_CONNECTION=@@COLLATION_CONNECTION */;
/*!40101 SET NAMES utf8mb4 */;

--
-- Database: `toko_snack`
--

-- --------------------------------------------------------

--
-- Table structure for table `ci_sessions`
--

CREATE TABLE `ci_sessions` (
  `id` varchar(128) NOT NULL,
  `ip_address` varchar(45) NOT NULL,
  `timestamp` int(10) UNSIGNED NOT NULL DEFAULT 0,
  `data` blob NOT NULL
) ENGINE=InnoDB DEFAULT CHARSET=utf8mb4;

--
-- Dumping data for table `ci_sessions`
--

INSERT INTO `ci_sessions` (`id`, `ip_address`, `timestamp`, `data`) VALUES
('nh2h85rl0sug37e8dtcfgqrc4d7o9c27', '::1', 1619971464, 0x5f5f63695f6c6173745f726567656e65726174657c693a313631393937313436343b),
('p1r5m6ad0gho44noleiu3vf40sq4qbk7', '::1', 1619973639, 0x5f5f63695f6c6173745f726567656e65726174657c693a313631393937333633393b),
('glb8ltfrvc6r0uoa4ivpihqs526o8v3p', '::1', 1619974000, 0x5f5f63695f6c6173745f726567656e65726174657c693a313631393937343030303b7265646972656374696f6e7c4e3b),
('60pa6bnm27hl15arm4qfdnsrj216sac1', '::1', 1619974607, 0x5f5f63695f6c6173745f726567656e65726174657c693a313631393937343630373b7265646972656374696f6e7c4e3b5f5f4143544956455f53455353494f4e5f444154417c733a3235363a2262643634333163646339353634393364663062346535643131663436343638333237666630393330373062626637303634616266323434383334656332383433653831313035333438623631306435306131333663333465373161346163346135633531373031626639383465613730623966353436646236326634313432354e577a71446f3946392f72545037444a4b4733506e4a4e713174544e7157714f6c64544649334c6e4454675545444f504976775933714d4e337670777a556758714e645a66715a44576e722f6b414679506b652b69744670384635655448476c512b4777644f776f714b39335a4e3175364334506f363847445a545162766d33223b),
('6jj4htoa08uds4ipl88oar78uib9mic0', '::1', 1619974947, 0x5f5f63695f6c6173745f726567656e65726174657c693a313631393937343934373b5f5f4143544956455f53455353494f4e5f444154417c733a3235363a22616334633737653032653531663034653162616331313633303932623438313430323964623666316232303566326331616561616462303335643339616631363036393233643762663264373364363138323536613965323266623737343336356631353165313235346333396236386466393062336662646531343337396561412f67454149716b575a304e325435584a4175534952344244776b6638584241723876524e3468434a77505576485462654379423430346c334b732f496b4b436e4d4d357a707558454b7836627943587737757650527a31396e735a595173312b6e526d6c74687033694e5853363531446c2b336e7971344a674d4b704c45223b),
('mkpfag5t076lvkraup4j1hl4er3sjbn0', '::1', 1619975084, 0x5f5f63695f6c6173745f726567656e65726174657c693a313631393937343934373b5f5f4143544956455f53455353494f4e5f444154417c733a3235363a2231613663363865316538623564316534326531303630633737653562316266643763333736373065393063363730663131346430323337383430386437613938363833336134613431333139636561316662323730313236363938356337666261366561383739333461613935333965663865313638376265326365313662304b757a5653494c62434e73366f61427a776e3273505158574f7a45304e4a5857704a6d47506458786c643239527731394446585a546141563265755143516e6f4f667746666f31594249346b444d6964636f347845726f6a492f6c4e564b775249476d435a716831326e52547a5a74676738686d507554527442595946325062223b7265646972656374696f6e7c4e3b6f726465725f666c6173687c733a32363a2253746174757320626572686173696c2064697065726261727569223b5f5f63695f766172737c613a313a7b733a31313a226f726465725f666c617368223b733a333a226f6c64223b7d),
('ojam30rdjfof9fubdov3bdb48s0520i6', '127.0.0.1', 1619975089, 0x5f5f63695f6c6173745f726567656e65726174657c693a313631393937343936393b5f5f4143544956455f53455353494f4e5f444154417c733a3235363a223433336436373235323135626562616438303562366632383166656266306664396430356639656464306462613661643032303230353463323630303138323863633561383630333337323433393930346165653766616536306439646264646333616435383765366335333237643966356133323631626139373036643537365754705675797258396a4d4a306a73456e54744e4e48495771796136334c4c59432b4a5a586a58752b4555726b6c506738466c5856346d637a6763656546794134446741455570793746693857784e51336373745247526c366447704a7a72395573703745657139657633536759564a30586349627161464e326b4c397433223b),
('kgqhae3rr2r9cm1bhvk638dhf4c0o7nl', '::1', 1620051916, 0x5f5f63695f6c6173745f726567656e65726174657c693a313632303035313931363b5f5f4143544956455f53455353494f4e5f444154417c733a3235363a223339366463376662333664363165663566643835356232626439656466633563336366303539336436616634353038396162313561316533643339636233663632346330393464646136346430376338336530336534613536356438633337323062393338656231333666313861333966353732313239663538313839303333615154305146444843447942784b686c7076555a7a4953765a72426f353653584877726735646e7850615865766a576f464576414e795555567066654b30436a706f6f55726a687a626e7536413977484c322b412f7169324d4d784f74615670685841316c716a75306b555238304c6f3968457177656c3578474877674b2b71223b),
('6bausplen2lq1d009rgus6hv299i6svp', '::1', 1620052604, 0x5f5f63695f6c6173745f726567656e65726174657c693a313632303035323630343b5f5f4143544956455f53455353494f4e5f444154417c733a3235363a223339366463376662333664363165663566643835356232626439656466633563336366303539336436616634353038396162313561316533643339636233663632346330393464646136346430376338336530336534613536356438633337323062393338656231333666313861333966353732313239663538313839303333615154305146444843447942784b686c7076555a7a4953765a72426f353653584877726735646e7850615865766a576f464576414e795555567066654b30436a706f6f55726a687a626e7536413977484c322b412f7169324d4d784f74615670685841316c716a75306b555238304c6f3968457177656c3578474877674b2b71223b73657474696e67735f666c6173687c733a33303a2250656e6761747572616e20626572686173696c2064697065726261727569223b5f5f63695f766172737c613a313a7b733a31343a2273657474696e67735f666c617368223b733a333a226f6c64223b7d),
('c1n7ncbf2dlvmeqhjnrr307cjmfvc7r5', '::1', 1620052604, 0x5f5f63695f6c6173745f726567656e65726174657c693a313632303035323630343b5f5f4143544956455f53455353494f4e5f444154417c733a3235363a223339366463376662333664363165663566643835356232626439656466633563336366303539336436616634353038396162313561316533643339636233663632346330393464646136346430376338336530336534613536356438633337323062393338656231333666313861333966353732313239663538313839303333615154305146444843447942784b686c7076555a7a4953765a72426f353653584877726735646e7850615865766a576f464576414e795555567066654b30436a706f6f55726a687a626e7536413977484c322b412f7169324d4d784f74615670685841316c716a75306b555238304c6f3968457177656c3578474877674b2b71223b73657474696e67735f666c6173687c733a33303a2250656e6761747572616e20626572686173696c2064697065726261727569223b5f5f63695f766172737c613a313a7b733a31343a2273657474696e67735f666c617368223b733a333a226f6c64223b7d),
('vg1tu1jhp75b2u837uv1585em9rb1n3i', '::1', 1620094106, 0x5f5f63695f6c6173745f726567656e65726174657c693a313632303039343130363b5f5f4143544956455f53455353494f4e5f444154417c733a3235363a2232376365633962316662393434316330366364623036383132346630333364306562393334313864376361346163313337373265643238333564346330323462623135666261373434346539353764643034336631303230383363376432613561376632303730633134653833623734393131333864663230396462343937634a587259724948465657516a443877445547614d7478784256544672615956454430734530396f49486d553369696b77416c54723472663773726a4e4931523576316176544c48654a64736949696d5159424e4a6972794e5a78784968564634666d4261446a765a7439756c426d4d387955595a762f4a6c6838564a72763176223b),
('n54run55igev998b7234roh5e4kn9dah', '::1', 1620094427, 0x5f5f63695f6c6173745f726567656e65726174657c693a313632303039343432373b5f5f4143544956455f53455353494f4e5f444154417c733a3235363a2232376365633962316662393434316330366364623036383132346630333364306562393334313864376361346163313337373265643238333564346330323462623135666261373434346539353764643034336631303230383363376432613561376632303730633134653833623734393131333864663230396462343937634a587259724948465657516a443877445547614d7478784256544672615956454430734530396f49486d553369696b77416c54723472663773726a4e4931523576316176544c48654a64736949696d5159424e4a6972794e5a78784968564634666d4261446a765a7439756c426d4d387955595a762f4a6c6838564a72763176223b),
('i8d4edpmuripoalua25afphsmpa3fptm', '::1', 1620096086, 0x5f5f63695f6c6173745f726567656e65726174657c693a313632303039363038363b5f5f4143544956455f53455353494f4e5f444154417c733a3235363a2232376365633962316662393434316330366364623036383132346630333364306562393334313864376361346163313337373265643238333564346330323462623135666261373434346539353764643034336631303230383363376432613561376632303730633134653833623734393131333864663230396462343937634a587259724948465657516a443877445547614d7478784256544672615956454430734530396f49486d553369696b77416c54723472663773726a4e4931523576316176544c48654a64736949696d5159424e4a6972794e5a78784968564634666d4261446a765a7439756c426d4d387955595a762f4a6c6838564a72763176223b),
('qp76qqrj9epp0qdo3ab6tciakr12gl2h', '::1', 1620097330, 0x5f5f63695f6c6173745f726567656e65726174657c693a313632303039373333303b5f5f4143544956455f53455353494f4e5f444154417c733a3235363a2232376365633962316662393434316330366364623036383132346630333364306562393334313864376361346163313337373265643238333564346330323462623135666261373434346539353764643034336631303230383363376432613561376632303730633134653833623734393131333864663230396462343937634a587259724948465657516a443877445547614d7478784256544672615956454430734530396f49486d553369696b77416c54723472663773726a4e4931523576316176544c48654a64736949696d5159424e4a6972794e5a78784968564634666d4261446a765a7439756c426d4d387955595a762f4a6c6838564a72763176223b),
('d9ovji9rold82610pkd4c88gcagoa3hk', '::1', 1620097639, 0x5f5f63695f6c6173745f726567656e65726174657c693a313632303039373633393b5f5f4143544956455f53455353494f4e5f444154417c733a3235363a2232376365633962316662393434316330366364623036383132346630333364306562393334313864376361346163313337373265643238333564346330323462623135666261373434346539353764643034336631303230383363376432613561376632303730633134653833623734393131333864663230396462343937634a587259724948465657516a443877445547614d7478784256544672615956454430734530396f49486d553369696b77416c54723472663773726a4e4931523576316176544c48654a64736949696d5159424e4a6972794e5a78784968564634666d4261446a765a7439756c426d4d387955595a762f4a6c6838564a72763176223b73657474696e67735f666c6173687c733a33303a2250656e6761747572616e20626572686173696c2064697065726261727569223b5f5f63695f766172737c613a313a7b733a31343a2273657474696e67735f666c617368223b733a333a226f6c64223b7d),
('399156cef2ub2g1ij0ohbjlue6s56hv3', '::1', 1620097962, 0x5f5f63695f6c6173745f726567656e65726174657c693a313632303039373936323b5f5f4143544956455f53455353494f4e5f444154417c733a3235363a2232376365633962316662393434316330366364623036383132346630333364306562393334313864376361346163313337373265643238333564346330323462623135666261373434346539353764643034336631303230383363376432613561376632303730633134653833623734393131333864663230396462343937634a587259724948465657516a443877445547614d7478784256544672615956454430734530396f49486d553369696b77416c54723472663773726a4e4931523576316176544c48654a64736949696d5159424e4a6972794e5a78784968564634666d4261446a765a7439756c426d4d387955595a762f4a6c6838564a72763176223b),
('fnpaf4ou2novdoe3avvcu9s8okgtfned', '::1', 1620098306, 0x5f5f63695f6c6173745f726567656e65726174657c693a313632303039383330363b5f5f4143544956455f53455353494f4e5f444154417c733a3235363a2232376365633962316662393434316330366364623036383132346630333364306562393334313864376361346163313337373265643238333564346330323462623135666261373434346539353764643034336631303230383363376432613561376632303730633134653833623734393131333864663230396462343937634a587259724948465657516a443877445547614d7478784256544672615956454430734530396f49486d553369696b77416c54723472663773726a4e4931523576316176544c48654a64736949696d5159424e4a6972794e5a78784968564634666d4261446a765a7439756c426d4d387955595a762f4a6c6838564a72763176223b),
('tk0lepabupisnsm9ootaita0qqc62p91', '::1', 1620098699, 0x5f5f63695f6c6173745f726567656e65726174657c693a313632303039383639393b5f5f4143544956455f53455353494f4e5f444154417c733a3235363a2232376365633962316662393434316330366364623036383132346630333364306562393334313864376361346163313337373265643238333564346330323462623135666261373434346539353764643034336631303230383363376432613561376632303730633134653833623734393131333864663230396462343937634a587259724948465657516a443877445547614d7478784256544672615956454430734530396f49486d553369696b77416c54723472663773726a4e4931523576316176544c48654a64736949696d5159424e4a6972794e5a78784968564634666d4261446a765a7439756c426d4d387955595a762f4a6c6838564a72763176223b),
('k9su0adh49iecbfcjj69ahr8cndu6m8g', '::1', 1620100655, 0x5f5f63695f6c6173745f726567656e65726174657c693a313632303130303635353b5f5f4143544956455f53455353494f4e5f444154417c733a3235363a2232376365633962316662393434316330366364623036383132346630333364306562393334313864376361346163313337373265643238333564346330323462623135666261373434346539353764643034336631303230383363376432613561376632303730633134653833623734393131333864663230396462343937634a587259724948465657516a443877445547614d7478784256544672615956454430734530396f49486d553369696b77416c54723472663773726a4e4931523576316176544c48654a64736949696d5159424e4a6972794e5a78784968564634666d4261446a765a7439756c426d4d387955595a762f4a6c6838564a72763176223b73657474696e67735f666c6173687c733a32373a22426572686173696c206d656e616d62616820646174612062616e6b223b5f5f63695f766172737c613a313a7b733a31343a2273657474696e67735f666c617368223b733a333a226f6c64223b7d),
('brgcc1qnr7dlgabsccshm9figm81rdip', '::1', 1620099000, 0x5f5f63695f6c6173745f726567656e65726174657c693a313632303039393030303b5f5f4143544956455f53455353494f4e5f444154417c733a3235363a2232376365633962316662393434316330366364623036383132346630333364306562393334313864376361346163313337373265643238333564346330323462623135666261373434346539353764643034336631303230383363376432613561376632303730633134653833623734393131333864663230396462343937634a587259724948465657516a443877445547614d7478784256544672615956454430734530396f49486d553369696b77416c54723472663773726a4e4931523576316176544c48654a64736949696d5159424e4a6972794e5a78784968564634666d4261446a765a7439756c426d4d387955595a762f4a6c6838564a72763176223b73657474696e67735f666c6173687c733a33303a2250656e6761747572616e20626572686173696c2064697065726261727569223b5f5f63695f766172737c613a313a7b733a31343a2273657474696e67735f666c617368223b733a333a226e6577223b7d),
('1og7pgtc34a46idost0uuhifdm3nhd50', '127.0.0.1', 1620099383, 0x5f5f63695f6c6173745f726567656e65726174657c693a313632303039393338333b5f5f4143544956455f53455353494f4e5f444154417c733a3235363a2237623937663132313139616232376131383832313665336435613662316237333033363930333932373637393631333039323266356234666135633839663562326136396265393134656539383030373330373737366666303233633738646332656538386566376436376363633435663834373364343630633865656533656a526c55526651396d414c532b6f54416c4164345a62646e47516e6479522f70376a3066454778384e6b4c376c6b3768793651384b38544353754e68524167664330782b7366704d785471796e774d617676754247356d73305a512b4d53655470466f6e5464392b69564b306d5450516b332f4f6b6f532b3562327042693567223b),
('55jumuo7gblbhpdtrma4hvipgdu7d8pb', '127.0.0.1', 1620099574, 0x5f5f63695f6c6173745f726567656e65726174657c693a313632303039393338333b5f5f4143544956455f53455353494f4e5f444154417c733a3235363a2237623937663132313139616232376131383832313665336435613662316237333033363930333932373637393631333039323266356234666135633839663562326136396265393134656539383030373330373737366666303233633738646332656538386566376436376363633435663834373364343630633865656533656a526c55526651396d414c532b6f54416c4164345a62646e47516e6479522f70376a3066454778384e6b4c376c6b3768793651384b38544353754e68524167664330782b7366704d785471796e774d617676754247356d73305a512b4d53655470466f6e5464392b69564b306d5450516b332f4f6b6f532b3562327042693567223b),
('tp8h1r0gn8sm6elk9lkqr67adpcvdggm', '::1', 1620101053, 0x5f5f63695f6c6173745f726567656e65726174657c693a313632303130313035333b5f5f4143544956455f53455353494f4e5f444154417c733a3235363a2232376365633962316662393434316330366364623036383132346630333364306562393334313864376361346163313337373265643238333564346330323462623135666261373434346539353764643034336631303230383363376432613561376632303730633134653833623734393131333864663230396462343937634a587259724948465657516a443877445547614d7478784256544672615956454430734530396f49486d553369696b77416c54723472663773726a4e4931523576316176544c48654a64736949696d5159424e4a6972794e5a78784968564634666d4261446a765a7439756c426d4d387955595a762f4a6c6838564a72763176223b),
('ngm7k6q3b26bjk4enrr6thi61h71828c', '::1', 1620101054, 0x5f5f63695f6c6173745f726567656e65726174657c693a313632303130313035333b5f5f4143544956455f53455353494f4e5f444154417c733a3235363a2232376365633962316662393434316330366364623036383132346630333364306562393334313864376361346163313337373265643238333564346330323462623135666261373434346539353764643034336631303230383363376432613561376632303730633134653833623734393131333864663230396462343937634a587259724948465657516a443877445547614d7478784256544672615956454430734530396f49486d553369696b77416c54723472663773726a4e4931523576316176544c48654a64736949696d5159424e4a6972794e5a78784968564634666d4261446a765a7439756c426d4d387955595a762f4a6c6838564a72763176223b),
('vpsu99i6o6vq66d3hmdr4dqrv3rr6lju', '127.0.0.1', 1620357908, 0x5f5f63695f6c6173745f726567656e65726174657c693a313632303335373635353b5f5f4143544956455f53455353494f4e5f444154417c733a3235363a2234626236343332613561386464326366353037663064613834663436306234393461363565313266623635316630663364623163633930363434376236333461366137623830363861376663353365383235366266666461343231613539363338333163303538393136376531356365663436373266643861386232383361636b4748786630466f59636b3267334d4d42594f552b51715735437a4d546d56673841636656692f4d326d2b75426a70585069557745452b495a6c6169564658726157536f6b6e343038714d48597652476e76304d6d565477454253684452615339774e5653304d764b67326c78746269732f6e324a374a4c73534b3554705653223b73746f72655f666c6173687c733a32363a2250656e646166746172616e20616b756e20626572686173696c21223b5f5f63695f766172737c613a313a7b733a31313a2273746f72655f666c617368223b733a333a226f6c64223b7d),
('9g53738du229nsrukugbcr861kgoaifg', '::1', 1624283827, 0x5f5f63695f6c6173745f726567656e65726174657c693a313632343238333832373b7265646972656374696f6e7c4e3b5f5f4143544956455f53455353494f4e5f444154417c733a3235363a2265643464656335663836356439346432636362323330656335633061336538323536623364626562373238376139303936313433386465643935653333643661343930373234363030663861316236303933373837373135336533343337306231353033356637633835353731313066303131663737343334343133373739324351462f4d4a6238314c6b674254534145325936672f344b42714832503356462b794a57764a2b747434676c794a552f5a746c4a547a693635326b3165566c6f4847514c514b6c7432426c4158597449355151684f3339316d796d554235416242462f5939576146446456556f354348726c4a4a462f457a365555395675516d223b),
('mjnjf517rul82c9q847c0gtqni5k16v9', '::1', 1624284128, 0x5f5f63695f6c6173745f726567656e65726174657c693a313632343238343132383b7265646972656374696f6e7c4e3b5f5f4143544956455f53455353494f4e5f444154417c733a3235363a2265643464656335663836356439346432636362323330656335633061336538323536623364626562373238376139303936313433386465643935653333643661343930373234363030663861316236303933373837373135336533343337306231353033356637633835353731313066303131663737343334343133373739324351462f4d4a6238314c6b674254534145325936672f344b42714832503356462b794a57764a2b747434676c794a552f5a746c4a547a693635326b3165566c6f4847514c514b6c7432426c4158597449355151684f3339316d796d554235416242462f5939576146446456556f354348726c4a4a462f457a365555395675516d223b),
('93m7ljo08ubo3ou58bmanau17t9a185b', '::1', 1624284429, 0x5f5f63695f6c6173745f726567656e65726174657c693a313632343238343432393b7265646972656374696f6e7c4e3b5f5f4143544956455f53455353494f4e5f444154417c733a3235363a2265643464656335663836356439346432636362323330656335633061336538323536623364626562373238376139303936313433386465643935653333643661343930373234363030663861316236303933373837373135336533343337306231353033356637633835353731313066303131663737343334343133373739324351462f4d4a6238314c6b674254534145325936672f344b42714832503356462b794a57764a2b747434676c794a552f5a746c4a547a693635326b3165566c6f4847514c514b6c7432426c4158597449355151684f3339316d796d554235416242462f5939576146446456556f354348726c4a4a462f457a365555395675516d223b),
('1ksvgvahu1ddqpsih70ucftk4e2oj884', '::1', 1624284946, 0x5f5f63695f6c6173745f726567656e65726174657c693a313632343238343934363b7265646972656374696f6e7c4e3b5f5f4143544956455f53455353494f4e5f444154417c733a3235363a2265643464656335663836356439346432636362323330656335633061336538323536623364626562373238376139303936313433386465643935653333643661343930373234363030663861316236303933373837373135336533343337306231353033356637633835353731313066303131663737343334343133373739324351462f4d4a6238314c6b674254534145325936672f344b42714832503356462b794a57764a2b747434676c794a552f5a746c4a547a693635326b3165566c6f4847514c514b6c7432426c4158597449355151684f3339316d796d554235416242462f5939576146446456556f354348726c4a4a462f457a365555395675516d223b656469745f70726f647563745f666c6173687c733a32373a2250726f64756b20626572686173696c206469706572626172756921223b5f5f63695f766172737c613a313a7b733a31383a22656469745f70726f647563745f666c617368223b733a333a226f6c64223b7d),
('dsjppd9svphkccgg8l647c3r7g7ktq46', '::1', 1624285274, 0x5f5f63695f6c6173745f726567656e65726174657c693a313632343238353237343b7265646972656374696f6e7c4e3b),
('h28ftq51qhgoid9t3oh32a500948fdvt', '::1', 1624285579, 0x5f5f63695f6c6173745f726567656e65726174657c693a313632343238353537393b7265646972656374696f6e7c4e3b6c6f67696e5f666c6173687c733a31363a22426572686173696c206c6f676f757421223b5f5f63695f766172737c613a313a7b733a31313a226c6f67696e5f666c617368223b733a333a226f6c64223b7d),
('mu3nh9obpkjtma7fpd8f26k1pk2jemvr', '::1', 1624286123, 0x5f5f63695f6c6173745f726567656e65726174657c693a313632343238363132333b7265646972656374696f6e7c4e3b5f5f4143544956455f53455353494f4e5f444154417c733a3235363a22363561393365633939646338633239633931306461353563316237363763383538633936303235366431303130613166326237376638393938656437643832393838633734306666653865383136616130353161353665616539363539316131393932373337343161393965616262613337363639393166336565666364653643626550774969706230563936514b4e6e7a6541636d305741655262624c684536764a71534239634e71754451432f366f6a6b6b59577547436561325153775662485a376d564f437731776c366d4c4f715a544d7636766e51786b63524d75626969623353396c4f5a306b4a3356633367716c6d4a682b305051512b667a4c4e223b),
('oliead2ioag60niq4mttnpe755r5s28u', '::1', 1624286428, 0x5f5f63695f6c6173745f726567656e65726174657c693a313632343238363432383b7265646972656374696f6e7c4e3b5f5f4143544956455f53455353494f4e5f444154417c733a3235363a22363561393365633939646338633239633931306461353563316237363763383538633936303235366431303130613166326237376638393938656437643832393838633734306666653865383136616130353161353665616539363539316131393932373337343161393965616262613337363639393166336565666364653643626550774969706230563936514b4e6e7a6541636d305741655262624c684536764a71534239634e71754451432f366f6a6b6b59577547436561325153775662485a376d564f437731776c366d4c4f715a544d7636766e51786b63524d75626969623353396c4f5a306b4a3356633367716c6d4a682b305051512b667a4c4e223b),
('u5fbb16jn89cubf3gehdinpggnrdjgsm', '::1', 1624286740, 0x5f5f63695f6c6173745f726567656e65726174657c693a313632343238363734303b7265646972656374696f6e7c4e3b5f5f4143544956455f53455353494f4e5f444154417c733a3235363a2236663166626363373763356138316133376362653061323666636635663930613232346162623631303165306634303666663735366634386233643963363935336139653465653235306234646466316436356134666364353361346438623431326232633262616138343235366434303731303137633531343533633631624f4d4a7a6c654d71474a514c746575617253534e37714970386e38553964504c6a6a574b795a4778434c555173326a4d2f566a47626f79495633314552755644515454723948434d6c3057444d772f4e53717756762f6e6d4153714c4b47714c77576f6f36564b714b686d4e6e62526d5267496d7571673979494f4b76745166223b),
('chh098avtoa1dsmf36kq0or3cocr4ja3', '::1', 1624287021, 0x5f5f63695f6c6173745f726567656e65726174657c693a313632343238363734303b5f5f4143544956455f53455353494f4e5f444154417c733a3235363a2238376261666266643662383165356630356166636134616134633932373863666362366362343536353134356664356539613462336132366562363533313164346466386534363662643833376537346262396531626264343539613331633539646533353331653933646330303964336161386238303837313433393330334f58553350794f7355444b6c6967712f4a516d4a6f375441454f474f6a4275554b484a30534e44706162767a367346316c425a31565331385a314b536b794b3050392b5151776a5247417a787247774954674862654e37412f494a4a307178714f2f6c586b6c4d4b56664f342f7178724a624c615138796470565048436a3954223b7265646972656374696f6e7c733a37323a226148523063446f764c327876593246736147397a64433930623274764c584e68655856794c326c755a4756344c6e426f6343396a64584e306232316c63693976636d526c636e4d3d223b),
('cv58hikeqfhj0kmj1jp16umfk6dtkh1a', '::1', 1624350584, 0x5f5f63695f6c6173745f726567656e65726174657c693a313632343335303538343b7265646972656374696f6e7c4e3b),
('07s45he518cpsrj5jr8evm48vdj1bqgg', '::1', 1624350818, 0x5f5f63695f6c6173745f726567656e65726174657c693a313632343335303538343b7265646972656374696f6e7c733a38343a226148523063446f764c327876593246736147397a64433930623274764c584e68655856794c326c755a4756344c6e426f6343396a64584e306232316c6369397759586c745a5735306379396a6232356d61584a74223b5f5f4143544956455f53455353494f4e5f444154417c733a3235363a223731663963383738656133303239623836306164383230663633373239386437303231373632616530646432366339656138313531343535613130303330346639633530316364333237396539316264663866356233396261376333313835666230646264316131363864636339336363393731343962333965386234303939414672683749487a4c6c32517138594159507351634a6646514d54737278325353566744766f38674f526a50686b79636556504c6a3163535337712f6578755048696d7776596a685132755638414d6f44486c6d78544e526647314a49555451535832707a5177774162374f7335516d50435762417757367061715731757266223b),
('8sf0430721mflq2j742s2ld6487vrfp6', '::1', 1624371319, 0x5f5f63695f6c6173745f726567656e65726174657c693a313632343337313331393b7265646972656374696f6e7c733a37323a226148523063446f764c327876593246736147397a64433930623274764c584e68655856794c326c755a4756344c6e426f634339685a47317062693977636d396b64574e3063773d3d223b),
('49dkvbdmkof2bbghmm482ilig34qnieh', '::1', 1624371683, 0x5f5f63695f6c6173745f726567656e65726174657c693a313632343337313638333b7265646972656374696f6e7c733a37323a226148523063446f764c327876593246736147397a64433930623274764c584e68655856794c326c755a4756344c6e426f634339685a47317062693977636d396b64574e3063773d3d223b),
('m4r2vd549frmm2uic7dcl4p29q1qnlp0', '::1', 1624372878, 0x5f5f63695f6c6173745f726567656e65726174657c693a313632343337323837383b7265646972656374696f6e7c4e3b5f5f4143544956455f53455353494f4e5f444154417c733a3235363a226164323264343434663262333866653335386666643039366135353539653963333466343763373938656632353764613638663337356264356437633637623039313236346434616537633965336138666332646661613763633639366464346537306165343135313963616165613565313366393334383961323536373231786663714234674b5a70514f513268426241713651714e2f524d4b4f75626d324b58496e544c335172456f5538634b69484a6c654167573175654933693334634752526e4b6d6d356f694139644348706d426159752b482b667144784e34474a4e3548444f51796c6e374e2f4c43762f654558764b5476424a6d532b59685277223b),
('5ds575lklr5112beodm6evlbt3cnteim', '::1', 1624373342, 0x5f5f63695f6c6173745f726567656e65726174657c693a313632343337333334323b7265646972656374696f6e7c4e3b5f5f4143544956455f53455353494f4e5f444154417c733a3235363a226164323264343434663262333866653335386666643039366135353539653963333466343763373938656632353764613638663337356264356437633637623039313236346434616537633965336138666332646661613763633639366464346537306165343135313963616165613565313366393334383961323536373231786663714234674b5a70514f513268426241713651714e2f524d4b4f75626d324b58496e544c335172456f5538634b69484a6c654167573175654933693334634752526e4b6d6d356f694139644348706d426159752b482b667144784e34474a4e3548444f51796c6e374e2f4c43762f654558764b5476424a6d532b59685277223b),
('n3nph8g1j7geu65n9et52880lm078ap8', '::1', 1624373659, 0x5f5f63695f6c6173745f726567656e65726174657c693a313632343337333635393b7265646972656374696f6e7c4e3b5f5f4143544956455f53455353494f4e5f444154417c733a3235363a226164323264343434663262333866653335386666643039366135353539653963333466343763373938656632353764613638663337356264356437633637623039313236346434616537633965336138666332646661613763633639366464346537306165343135313963616165613565313366393334383961323536373231786663714234674b5a70514f513268426241713651714e2f524d4b4f75626d324b58496e544c335172456f5538634b69484a6c654167573175654933693334634752526e4b6d6d356f694139644348706d426159752b482b667144784e34474a4e3548444f51796c6e374e2f4c43762f654558764b5476424a6d532b59685277223b),
('ma6cbj46ljpeoffkq9u8c5mmhnu3mdf9', '::1', 1624374062, 0x5f5f63695f6c6173745f726567656e65726174657c693a313632343337343036323b7265646972656374696f6e7c4e3b5f5f4143544956455f53455353494f4e5f444154417c733a3235363a2264353464356364343462316130623930643936306232343866336263333761313236666533396636316331616361376639346135656633633634623663356231383536663563316435346638623539336636316331393665343664646137396435353231643837613832383463366432376463633761376162316133633732667a4c706d396c4d77324d696439512f366f57533952534c667653696e4e4b4576676e6a63764f3139686f4c6b412f74392f594f746d564a635279636b77545a5741423671315a726579457557632b6b4b4237655657624c5a476f4a6b64424952374731444a6433705548467733545968354f382b4759573247565a3371367149223b),
('ulgekidjamqqecleennfnr5q62487509', '::1', 1624374449, 0x5f5f63695f6c6173745f726567656e65726174657c693a313632343337343434393b7265646972656374696f6e7c4e3b5f5f4143544956455f53455353494f4e5f444154417c733a3235363a2264353464356364343462316130623930643936306232343866336263333761313236666533396636316331616361376639346135656633633634623663356231383536663563316435346638623539336636316331393665343664646137396435353231643837613832383463366432376463633761376162316133633732667a4c706d396c4d77324d696439512f366f57533952534c667653696e4e4b4576676e6a63764f3139686f4c6b412f74392f594f746d564a635279636b77545a5741423671315a726579457557632b6b4b4237655657624c5a476f4a6b64424952374731444a6433705548467733545968354f382b4759573247565a3371367149223b),
('jacug3h44hncsrrv0ns503dm5jsjj8kt', '::1', 1624375032, 0x5f5f63695f6c6173745f726567656e65726174657c693a313632343337353033323b7265646972656374696f6e7c4e3b5f5f4143544956455f53455353494f4e5f444154417c733a3235363a2264353464356364343462316130623930643936306232343866336263333761313236666533396636316331616361376639346135656633633634623663356231383536663563316435346638623539336636316331393665343664646137396435353231643837613832383463366432376463633761376162316133633732667a4c706d396c4d77324d696439512f366f57533952534c667653696e4e4b4576676e6a63764f3139686f4c6b412f74392f594f746d564a635279636b77545a5741423671315a726579457557632b6b4b4237655657624c5a476f4a6b64424952374731444a6433705548467733545968354f382b4759573247565a3371367149223b),
('7k71llckdpofu3hhmhjoc29a4c709vts', '::1', 1624375503, 0x5f5f63695f6c6173745f726567656e65726174657c693a313632343337353530333b7265646972656374696f6e7c4e3b5f5f4143544956455f53455353494f4e5f444154417c733a3235363a2264353464356364343462316130623930643936306232343866336263333761313236666533396636316331616361376639346135656633633634623663356231383536663563316435346638623539336636316331393665343664646137396435353231643837613832383463366432376463633761376162316133633732667a4c706d396c4d77324d696439512f366f57533952534c667653696e4e4b4576676e6a63764f3139686f4c6b412f74392f594f746d564a635279636b77545a5741423671315a726579457557632b6b4b4237655657624c5a476f4a6b64424952374731444a6433705548467733545968354f382b4759573247565a3371367149223b),
('gkajmakt19sotjpeg73n5434nmrg5mmj', '::1', 1624376250, 0x5f5f63695f6c6173745f726567656e65726174657c693a313632343337363235303b7265646972656374696f6e7c4e3b5f5f4143544956455f53455353494f4e5f444154417c733a3235363a2264353464356364343462316130623930643936306232343866336263333761313236666533396636316331616361376639346135656633633634623663356231383536663563316435346638623539336636316331393665343664646137396435353231643837613832383463366432376463633761376162316133633732667a4c706d396c4d77324d696439512f366f57533952534c667653696e4e4b4576676e6a63764f3139686f4c6b412f74392f594f746d564a635279636b77545a5741423671315a726579457557632b6b4b4237655657624c5a476f4a6b64424952374731444a6433705548467733545968354f382b4759573247565a3371367149223b),
('l6ue9g5d083mpves5693c87kf44o1u7p', '::1', 1624376588, 0x5f5f63695f6c6173745f726567656e65726174657c693a313632343337363538383b7265646972656374696f6e7c4e3b5f5f4143544956455f53455353494f4e5f444154417c733a3235363a2234663736656532663139646330383632376165303933326363336466663731643535393537383466386361613961306337643330363362616432323735323263663534376465323439313537313163376562616332613935643464636233373639303666666261666564643438343639323062633535613032393435636165656357375549654333774e364b494433562f743767784c655366394c2f7236394a465655314b626853696872384b4330557a324c5744634f526c796430437165624f78664f51456a664633386b776f39563461614131673679456e4e753657313275654d5363525848305173796448446967524b656935614c5731623258694a59223b),
('7udu3amen1p5vkunoki22h8qaonlel6q', '::1', 1624376951, 0x5f5f63695f6c6173745f726567656e65726174657c693a313632343337363935313b7265646972656374696f6e7c4e3b5f5f4143544956455f53455353494f4e5f444154417c733a3235363a2234663736656532663139646330383632376165303933326363336466663731643535393537383466386361613961306337643330363362616432323735323263663534376465323439313537313163376562616332613935643464636233373639303666666261666564643438343639323062633535613032393435636165656357375549654333774e364b494433562f743767784c655366394c2f7236394a465655314b626853696872384b4330557a324c5744634f526c796430437165624f78664f51456a664633386b776f39563461614131673679456e4e753657313275654d5363525848305173796448446967524b656935614c5731623258694a59223b),
('3d2u132eg1n0tq9dvgchvpfb5sop63r5', '::1', 1624377308, 0x5f5f63695f6c6173745f726567656e65726174657c693a313632343337373330383b7265646972656374696f6e7c4e3b5f5f4143544956455f53455353494f4e5f444154417c733a3235363a2234663736656532663139646330383632376165303933326363336466663731643535393537383466386361613961306337643330363362616432323735323263663534376465323439313537313163376562616332613935643464636233373639303666666261666564643438343639323062633535613032393435636165656357375549654333774e364b494433562f743767784c655366394c2f7236394a465655314b626853696872384b4330557a324c5744634f526c796430437165624f78664f51456a664633386b776f39563461614131673679456e4e753657313275654d5363525848305173796448446967524b656935614c5731623258694a59223b),
('ahartvsl70pim6lvote2p78q3qr0rqab', '::1', 1624377639, 0x5f5f63695f6c6173745f726567656e65726174657c693a313632343337373633393b7265646972656374696f6e7c4e3b5f5f4143544956455f53455353494f4e5f444154417c733a3235363a2234663736656532663139646330383632376165303933326363336466663731643535393537383466386361613961306337643330363362616432323735323263663534376465323439313537313163376562616332613935643464636233373639303666666261666564643438343639323062633535613032393435636165656357375549654333774e364b494433562f743767784c655366394c2f7236394a465655314b626853696872384b4330557a324c5744634f526c796430437165624f78664f51456a664633386b776f39563461614131673679456e4e753657313275654d5363525848305173796448446967524b656935614c5731623258694a59223b),
('egv2tn8hl47fktimov1sk67a1oqdjvco', '::1', 1624378079, 0x5f5f63695f6c6173745f726567656e65726174657c693a313632343337383037393b7265646972656374696f6e7c733a38343a226148523063446f764c327876593246736147397a64433930623274764c584e7559574e724c326c755a4756344c6e426f6343396a64584e306232316c6369397759586c745a5735306379396a6232356d61584a74223b5f5f4143544956455f53455353494f4e5f444154417c733a3235363a2234663736656532663139646330383632376165303933326363336466663731643535393537383466386361613961306337643330363362616432323735323263663534376465323439313537313163376562616332613935643464636233373639303666666261666564643438343639323062633535613032393435636165656357375549654333774e364b494433562f743767784c655366394c2f7236394a465655314b626853696872384b4330557a324c5744634f526c796430437165624f78664f51456a664633386b776f39563461614131673679456e4e753657313275654d5363525848305173796448446967524b656935614c5731623258694a59223b),
('rp81p698gu4l1m0lh7h75lg9oc9vuf9t', '::1', 1624378384, 0x5f5f63695f6c6173745f726567656e65726174657c693a313632343337383338343b7265646972656374696f6e7c4e3b5f5f4143544956455f53455353494f4e5f444154417c733a3235363a2232303130326561626366306262643537346461343332376130376632306534656132373636323633646538376433316438363031353630623565663530323366656564623330363630343830636566633437613661386662633765656265333234336231613035653333633230303432396463663130663330353937643062657830582b57765a5333514a345038526f414e746f4d33385450675370684733644479347675382f52564a6a4f534b434c66612b786b7235315a76314b2b54384859794b7251444d7832387341717a6b7a6241485344535954386f64687173567a515241646f34676763325559672f716b656f73595263754b58762b6b5a745051223b636172745f636f6e74656e74737c613a333a7b733a31303a22636172745f746f74616c223b643a373530303b733a31313a22746f74616c5f6974656d73223b643a313b733a33323a226337346439376230316561653235376534346161396435626164653937626166223b613a363a7b733a323a226964223b733a323a223136223b733a333a22717479223b643a313b733a353a227072696365223b643a373530303b733a343a226e616d65223b733a373a224d6f6c72656e67223b733a353a22726f776964223b733a33323a226337346439376230316561653235376534346161396435626164653937626166223b733a383a22737562746f74616c223b643a373530303b7d7d6f726465725f7175616e746974797c613a313a7b693a31363b613a323a7b733a333a22717479223b643a313b733a353a227072696365223b643a373530303b7d7d746f74616c5f70726963657c643a31303530303b),
('1gemfg3fi827j0kle8p703sfq7ctg9f4', '::1', 1624378707, 0x5f5f63695f6c6173745f726567656e65726174657c693a313632343337383730373b7265646972656374696f6e7c4e3b5f5f4143544956455f53455353494f4e5f444154417c733a3235363a226238636137393336666436313737666666333461643237663335313936663537633237346565316138353664336166316435353239316463323565653464313434303866653536376361333263616330616265333334633662633061386266343464336665656339666363393334666230353665323439386236386630373935444770337a496944594563714e6f6d35554532315244767872785a6b6c795974735473393371544f662b5159556f39566c446f78344865616830433069574e6b50464b31376f4c6c4d304b6763724652364667347458577573435465744c6b4a494e2f3551774771317a7942336a4a594c57637a4c7835524656417045764f72223b),
('ga2qtoqils273ihnj06mc2rk4q0pbv3g', '::1', 1624379051, 0x5f5f63695f6c6173745f726567656e65726174657c693a313632343337393035313b7265646972656374696f6e7c4e3b5f5f4143544956455f53455353494f4e5f444154417c733a3235363a226238636137393336666436313737666666333461643237663335313936663537633237346565316138353664336166316435353239316463323565653464313434303866653536376361333263616330616265333334633662633061386266343464336665656339666363393334666230353665323439386236386630373935444770337a496944594563714e6f6d35554532315244767872785a6b6c795974735473393371544f662b5159556f39566c446f78344865616830433069574e6b50464b31376f4c6c4d304b6763724652364667347458577573435465744c6b4a494e2f3551774771317a7942336a4a594c57637a4c7835524656417045764f72223b),
('ukuenreqd1kihjghapohebkl5bes1ssa', '::1', 1624379352, 0x5f5f63695f6c6173745f726567656e65726174657c693a313632343337393335323b7265646972656374696f6e7c4e3b5f5f4143544956455f53455353494f4e5f444154417c733a3235363a226238636137393336666436313737666666333461643237663335313936663537633237346565316138353664336166316435353239316463323565653464313434303866653536376361333263616330616265333334633662633061386266343464336665656339666363393334666230353665323439386236386630373935444770337a496944594563714e6f6d35554532315244767872785a6b6c795974735473393371544f662b5159556f39566c446f78344865616830433069574e6b50464b31376f4c6c4d304b6763724652364667347458577573435465744c6b4a494e2f3551774771317a7942336a4a594c57637a4c7835524656417045764f72223b),
('ecibfcebqh3s7qut8ktklahv6s7oh8ft', '::1', 1624379871, 0x5f5f63695f6c6173745f726567656e65726174657c693a313632343337393837313b7265646972656374696f6e7c4e3b5f5f4143544956455f53455353494f4e5f444154417c733a3235363a226238636137393336666436313737666666333461643237663335313936663537633237346565316138353664336166316435353239316463323565653464313434303866653536376361333263616330616265333334633662633061386266343464336665656339666363393334666230353665323439386236386630373935444770337a496944594563714e6f6d35554532315244767872785a6b6c795974735473393371544f662b5159556f39566c446f78344865616830433069574e6b50464b31376f4c6c4d304b6763724652364667347458577573435465744c6b4a494e2f3551774771317a7942336a4a594c57637a4c7835524656417045764f72223b),
('0bihnccqn94es4pkje12a0bkji6ga2fi', '::1', 1624380200, 0x5f5f63695f6c6173745f726567656e65726174657c693a313632343338303230303b7265646972656374696f6e7c4e3b5f5f4143544956455f53455353494f4e5f444154417c733a3235363a226238636137393336666436313737666666333461643237663335313936663537633237346565316138353664336166316435353239316463323565653464313434303866653536376361333263616330616265333334633662633061386266343464336665656339666363393334666230353665323439386236386630373935444770337a496944594563714e6f6d35554532315244767872785a6b6c795974735473393371544f662b5159556f39566c446f78344865616830433069574e6b50464b31376f4c6c4d304b6763724652364667347458577573435465744c6b4a494e2f3551774771317a7942336a4a594c57637a4c7835524656417045764f72223b),
('f96roubg0m79eohfn85rpbim9rqa5lar', '::1', 1624380512, 0x5f5f63695f6c6173745f726567656e65726174657c693a313632343338303531323b7265646972656374696f6e7c4e3b5f5f4143544956455f53455353494f4e5f444154417c733a3235363a226238636137393336666436313737666666333461643237663335313936663537633237346565316138353664336166316435353239316463323565653464313434303866653536376361333263616330616265333334633662633061386266343464336665656339666363393334666230353665323439386236386630373935444770337a496944594563714e6f6d35554532315244767872785a6b6c795974735473393371544f662b5159556f39566c446f78344865616830433069574e6b50464b31376f4c6c4d304b6763724652364667347458577573435465744c6b4a494e2f3551774771317a7942336a4a594c57637a4c7835524656417045764f72223b),
('nt1qfq8sc2gteicctron9aplr3r9jg8j', '::1', 1624380816, 0x5f5f63695f6c6173745f726567656e65726174657c693a313632343338303831363b7265646972656374696f6e7c4e3b5f5f4143544956455f53455353494f4e5f444154417c733a3235363a226238636137393336666436313737666666333461643237663335313936663537633237346565316138353664336166316435353239316463323565653464313434303866653536376361333263616330616265333334633662633061386266343464336665656339666363393334666230353665323439386236386630373935444770337a496944594563714e6f6d35554532315244767872785a6b6c795974735473393371544f662b5159556f39566c446f78344865616830433069574e6b50464b31376f4c6c4d304b6763724652364667347458577573435465744c6b4a494e2f3551774771317a7942336a4a594c57637a4c7835524656417045764f72223b),
('dd5r5s392vqoff8a612e7sq1jfi49un4', '::1', 1624381210, 0x5f5f63695f6c6173745f726567656e65726174657c693a313632343338313231303b7265646972656374696f6e7c4e3b5f5f4143544956455f53455353494f4e5f444154417c733a3235363a22323839323065646166303732396133383465633430643839333866386537636166316432393832346131623031393339363162363438343332656438393963613963396638386534313263656161303331636536633663653632303038623831353032346537353533346438306434636638396638383964373165616232323578664d5a345757664f425169454a79516a6a2b38356e475566697749712f37615a793355525164377a5954386a68684770787a4b4b70686c797565343075534b4265466c4f2f594a535979556b6b7469593764306663337067684855552b6538504c506b4f4566584d50374d734137333154526e4635335564655373765a7a4b223b),
('2hif1clqjtnil6hj293p0611vl4oap30', '::1', 1624381373, 0x5f5f63695f6c6173745f726567656e65726174657c693a313632343338313231303b7265646972656374696f6e7c4e3b5f5f4143544956455f53455353494f4e5f444154417c733a3235363a22323839323065646166303732396133383465633430643839333866386537636166316432393832346131623031393339363162363438343332656438393963613963396638386534313263656161303331636536633663653632303038623831353032346537353533346438306434636638396638383964373165616232323578664d5a345757664f425169454a79516a6a2b38356e475566697749712f37615a793355525164377a5954386a68684770787a4b4b70686c797565343075534b4265466c4f2f594a535979556b6b7469593764306663337067684855552b6538504c506b4f4566584d50374d734137333154526e4635335564655373765a7a4b223b),
('1emobnaa5v2q2rqnpgrf9g95h4ekavv8', '::1', 1624895246, 0x5f5f63695f6c6173745f726567656e65726174657c693a313632343839353234363b7265646972656374696f6e7c733a36303a226148523063446f764c327876593246736147397a64433930623274764c584e7559574e724c326c755a4756344c6e426f634339685a47317062673d3d223b),
('4saa51t2eebv3c2fgpcatb2ejcj53tli', '::1', 1624896817, 0x5f5f63695f6c6173745f726567656e65726174657c693a313632343839363831373b5f5f4143544956455f53455353494f4e5f444154417c733a3235363a22643838376162643034386362633838333839336162343766343037323837363636613538396131306134663766626138633333646239623430376663646137633032393931643761333438333037623437623364323136373735393663633032656564383364393930623066386363336236336265663730336536326237616243454a4c316757586d6e33466c34726a7358366b61524b5a556454474d7854744437583335743554457461432b33594a77642f436f5a4d32387432474f4e50516d2f68376a433973686b37456937766d72764e6655655a4f49752b4335355353715a5563435575706a525638564368573875524d4b385a4f7869646476413332223b),
('qsb7vopu1l6ub3c1ri594sugmgdunhsb', '::1', 1624896452, 0x5f5f63695f6c6173745f726567656e65726174657c693a313632343839363435313b5f5f4143544956455f53455353494f4e5f444154417c733a3235363a22643838376162643034386362633838333839336162343766343037323837363636613538396131306134663766626138633333646239623430376663646137633032393931643761333438333037623437623364323136373735393663633032656564383364393930623066386363336236336265663730336536326237616243454a4c316757586d6e33466c34726a7358366b61524b5a556454474d7854744437583335743554457461432b33594a77642f436f5a4d32387432474f4e50516d2f68376a433973686b37456937766d72764e6655655a4f49752b4335355353715a5563435575706a525638564368573875524d4b385a4f7869646476413332223b),
('dfjm08ikquilvn4tv6nq19oijcnmgrvj', '::1', 1624898160, 0x5f5f63695f6c6173745f726567656e65726174657c693a313632343839383136303b5f5f4143544956455f53455353494f4e5f444154417c733a3235363a22643838376162643034386362633838333839336162343766343037323837363636613538396131306134663766626138633333646239623430376663646137633032393931643761333438333037623437623364323136373735393663633032656564383364393930623066386363336236336265663730336536326237616243454a4c316757586d6e33466c34726a7358366b61524b5a556454474d7854744437583335743554457461432b33594a77642f436f5a4d32387432474f4e50516d2f68376a433973686b37456937766d72764e6655655a4f49752b4335355353715a5563435575706a525638564368573875524d4b385a4f7869646476413332223b),
('tua0ne0484o80q8qprf5sgq1ko6kgtv9', '::1', 1624898468, 0x5f5f63695f6c6173745f726567656e65726174657c693a313632343839383436383b7265646972656374696f6e7c4e3b5f5f4143544956455f53455353494f4e5f444154417c733a3235363a2265646531366538636634663036343332623235616537303061303031303132616565663063613438666637346262376262636566643234376364653464663164353666376534356335323038613737326336323533646636363537613831386163663230653434316436363536323231623031323035323162396135613162397265376d5966646e6e6f74644f312b6653506154716341744876353137615579316133595462534943506e5a506e696b65613158682b68672f6439794664685762382f686272346167433455735733426f4d4764686930537a4f506b574d47694456325a5674574335432f555250736872534d694c6857782f45374d52736d31223b636172745f636f6e74656e74737c613a333a7b733a31303a22636172745f746f74616c223b643a31303030303b733a31313a22746f74616c5f6974656d73223b643a31303b733a33323a226338316537323864396434633266363336663036376638396363313438363263223b613a363a7b733a323a226964223b733a313a2232223b733a333a22717479223b643a31303b733a353a227072696365223b643a313030303b733a343a226e616d65223b733a383a224d616b61726f6e69223b733a353a22726f776964223b733a33323a226338316537323864396434633266363336663036376638396363313438363263223b733a383a22737562746f74616c223b643a31303030303b7d7d6f726465725f7175616e746974797c613a313a7b693a323b613a323a7b733a333a22717479223b643a31303b733a353a227072696365223b643a313030303b7d7d746f74616c5f70726963657c643a31333030303b),
('vej5qrivvkl5g1frnq317la3jol47ose', '::1', 1624898795, 0x5f5f63695f6c6173745f726567656e65726174657c693a313632343839383739353b7265646972656374696f6e7c4e3b5f5f4143544956455f53455353494f4e5f444154417c733a3235363a2265646531366538636634663036343332623235616537303061303031303132616565663063613438666637346262376262636566643234376364653464663164353666376534356335323038613737326336323533646636363537613831386163663230653434316436363536323231623031323035323162396135613162397265376d5966646e6e6f74644f312b6653506154716341744876353137615579316133595462534943506e5a506e696b65613158682b68672f6439794664685762382f686272346167433455735733426f4d4764686930537a4f506b574d47694456325a5674574335432f555250736872534d694c6857782f45374d52736d31223b),
('espb5l61ai7ar9har9mrk6cuo3eqik0c', '::1', 1624899184, 0x5f5f63695f6c6173745f726567656e65726174657c693a313632343839393138343b7265646972656374696f6e7c4e3b5f5f4143544956455f53455353494f4e5f444154417c733a3235363a2265646531366538636634663036343332623235616537303061303031303132616565663063613438666637346262376262636566643234376364653464663164353666376534356335323038613737326336323533646636363537613831386163663230653434316436363536323231623031323035323162396135613162397265376d5966646e6e6f74644f312b6653506154716341744876353137615579316133595462534943506e5a506e696b65613158682b68672f6439794664685762382f686272346167433455735733426f4d4764686930537a4f506b574d47694456325a5674574335432f555250736872534d694c6857782f45374d52736d31223b),
('9t8gfq0lgr45ubamvo4povkupaupljpg', '::1', 1624899256, 0x5f5f63695f6c6173745f726567656e65726174657c693a313632343839393138343b7265646972656374696f6e7c4e3b5f5f4143544956455f53455353494f4e5f444154417c733a3235363a2265646531366538636634663036343332623235616537303061303031303132616565663063613438666637346262376262636566643234376364653464663164353666376534356335323038613737326336323533646636363537613831386163663230653434316436363536323231623031323035323162396135613162397265376d5966646e6e6f74644f312b6653506154716341744876353137615579316133595462534943506e5a506e696b65613158682b68672f6439794664685762382f686272346167433455735733426f4d4764686930537a4f506b574d47694456325a5674574335432f555250736872534d694c6857782f45374d52736d31223b);
INSERT INTO `ci_sessions` (`id`, `ip_address`, `timestamp`, `data`) VALUES
('l53i6l4kiqti9m5fda5lhst64a11bgok', '::1', 1625140296, 0x5f5f63695f6c6173745f726567656e65726174657c693a313632353134303134333b7265646972656374696f6e7c4e3b5f5f4143544956455f53455353494f4e5f444154417c733a3235363a22333463343334613163646466636638353737333536353934613661366335623862663536623239353464386334326336633633393337313439376531383464343333646637396336363830393961306466343033383435313133346530323635316131643630393061343735336136663564623065393866313361366337316143676843727974324b7342646a306e304c507a76387850333238367371433246583859313144716968466f4d302f7743346e3656584170454b68797834666c736f56486b4e4763693170664c74757a6946666d46733366394a456145472f376d6d72505367736369785456724a6672743941506f4339507a7a38355569505643223b),
('nhfnvdjhboj1f1oaje4vsla1c6fg4nhc', '::1', 1626424241, 0x5f5f63695f6c6173745f726567656e65726174657c693a313632363432343234313b),
('qk5pj4lq2qbsh6m2k8uuc5b4fsbfbin8', '::1', 1626424247, 0x5f5f63695f6c6173745f726567656e65726174657c693a313632363432343234313b),
('7k1933b5pref4hit0s281vtuq6922o57', '::1', 1626441676, 0x5f5f63695f6c6173745f726567656e65726174657c693a313632363434313637363b),
('8vg769fpl825hi44lre9f312937qjf7f', '::1', 1626443279, 0x5f5f63695f6c6173745f726567656e65726174657c693a313632363434333237393b),
('5k1s0i27o9654gk5irsk5dbsmd5focg3', '::1', 1626444345, 0x5f5f63695f6c6173745f726567656e65726174657c693a313632363434343334353b636172745f636f6e74656e74737c613a333a7b733a31303a22636172745f746f74616c223b643a373530303b733a31313a22746f74616c5f6974656d73223b643a313b733a33323a226337346439376230316561653235376534346161396435626164653937626166223b613a363a7b733a323a226964223b733a323a223136223b733a333a22717479223b643a313b733a353a227072696365223b643a373530303b733a343a226e616d65223b733a373a224d6f6c72656e67223b733a353a22726f776964223b733a33323a226337346439376230316561653235376534346161396435626164653937626166223b733a383a22737562746f74616c223b643a373530303b7d7d),
('7o26ej9mjd19qss0e67jol15lo2habis', '::1', 1626444708, 0x5f5f63695f6c6173745f726567656e65726174657c693a313632363434343730383b636172745f636f6e74656e74737c613a333a7b733a31303a22636172745f746f74616c223b643a373530303b733a31313a22746f74616c5f6974656d73223b643a313b733a33323a226337346439376230316561653235376534346161396435626164653937626166223b613a363a7b733a323a226964223b733a323a223136223b733a333a22717479223b643a313b733a353a227072696365223b643a373530303b733a343a226e616d65223b733a373a224d6f6c72656e67223b733a353a22726f776964223b733a33323a226337346439376230316561653235376534346161396435626164653937626166223b733a383a22737562746f74616c223b643a373530303b7d7d5f74656d705f636f75706f6e7c733a303a22223b5f74656d705f7175616e746974797c613a313a7b733a33323a226337346439376230316561653235376534346161396435626164653937626166223b733a313a2231223b7d),
('nrcl3me9g3kcq1inaje5cbsr7u3hhvne', '::1', 1626444742, 0x5f5f63695f6c6173745f726567656e65726174657c693a313632363434343730383b636172745f636f6e74656e74737c613a333a7b733a31303a22636172745f746f74616c223b643a34353030303b733a31313a22746f74616c5f6974656d73223b643a363b733a33323a226337346439376230316561653235376534346161396435626164653937626166223b613a363a7b733a323a226964223b733a323a223136223b733a333a22717479223b643a363b733a353a227072696365223b643a373530303b733a343a226e616d65223b733a373a224d6f6c72656e67223b733a353a22726f776964223b733a33323a226337346439376230316561653235376534346161396435626164653937626166223b733a383a22737562746f74616c223b643a34353030303b7d7d5f74656d705f636f75706f6e7c733a303a22223b5f74656d705f7175616e746974797c613a313a7b733a33323a226337346439376230316561653235376534346161396435626164653937626166223b733a313a2232223b7d),
('286nn89dsriqkjcb9r9cv0g5qrbtsli2', '::1', 1626519441, 0x5f5f63695f6c6173745f726567656e65726174657c693a313632363531393434313b),
('7dbd65rd7ll3vai9mahqom372om37at5', '192.168.22.252', 1626616256, 0x5f5f63695f6c6173745f726567656e65726174657c693a313632363631363235363b),
('h2cdunrcl7sid77q8qq8ogiaqke48eis', '192.168.22.252', 1626616260, 0x5f5f63695f6c6173745f726567656e65726174657c693a313632363631363236303b),
('39blcggc2ghjfie113u738ivrpbfeta8', '192.168.22.252', 1626616333, 0x5f5f63695f6c6173745f726567656e65726174657c693a313632363631363333333b),
('5tv9n4q379aiv8221t1hvgudu69kr91h', '::1', 1626621149, 0x5f5f63695f6c6173745f726567656e65726174657c693a313632363632313134393b7265646972656374696f6e7c4e3b5f5f4143544956455f53455353494f4e5f444154417c733a3235363a226431356637363534663830306463353565636261626633626335643165353866376530623532373766313331323735373366656336623230353734373030643533383137393237313064323032616439353065396362326162376438353836396363336333633430613238613538336235646261306437396530363165623365716833306c33346a30636c6d63793033336a384357504c61717a6267507434783965344e766b70535169567a36326a3656395064394261432f794c444f596f446959546d6238672b58485359546254786450536147496a374b4256384f782f644567694b44422b646865585531704549663048306a7463324b7a73554b703478223b),
('pebi4djlv50o779sqeq44fvm3bp8k8l2', '192.168.22.252', 1626619528, 0x5f5f63695f6c6173745f726567656e65726174657c693a313632363631393532383b),
('ogm5i3n5f8iakfstl1kkr2g9p5mij7k0', '192.168.22.252', 1626619839, 0x5f5f63695f6c6173745f726567656e65726174657c693a313632363631393833393b),
('280rqp3mn62viem5nmqoutuddc0b8n4m', '192.168.22.252', 1626619959, 0x5f5f63695f6c6173745f726567656e65726174657c693a313632363631393935393b),
('ss6cmhacqkdn00opll35r6kcc7alj8c0', '192.168.22.252', 1626620035, 0x5f5f63695f6c6173745f726567656e65726174657c693a313632363632303033353b),
('0k4a3gplsiuspvk5fo6i92m0ru7lnbqb', '192.168.22.252', 1626620054, 0x5f5f63695f6c6173745f726567656e65726174657c693a313632363632303035343b),
('kf02lk1aghhia8q82cb37n00dv857225', '::1', 1626625415, 0x5f5f63695f6c6173745f726567656e65726174657c693a313632363632353431353b7265646972656374696f6e7c4e3b5f5f4143544956455f53455353494f4e5f444154417c733a3235363a226431356637363534663830306463353565636261626633626335643165353866376530623532373766313331323735373366656336623230353734373030643533383137393237313064323032616439353065396362326162376438353836396363336333633430613238613538336235646261306437396530363165623365716833306c33346a30636c6d63793033336a384357504c61717a6267507434783965344e766b70535169567a36326a3656395064394261432f794c444f596f446959546d6238672b58485359546254786450536147496a374b4256384f782f644567694b44422b646865585531704549663048306a7463324b7a73554b703478223b),
('2cjftns90svm7tah8feavkv0vhh4itqe', '192.168.1.158', 1626621771, 0x5f5f63695f6c6173745f726567656e65726174657c693a313632363632313737313b),
('lqm91p2nmsfp15486jgvuu07ba1qb27p', '192.168.1.158', 1626621904, 0x5f5f63695f6c6173745f726567656e65726174657c693a313632363632313930343b),
('qcia5nor7ockmkp3rfng3n65j8fkidms', '192.168.1.158', 1626623261, 0x5f5f63695f6c6173745f726567656e65726174657c693a313632363632333236313b),
('mntf83c9qof4vi2mqih6cg0khajn6s30', '192.168.1.158', 1626624046, 0x5f5f63695f6c6173745f726567656e65726174657c693a313632363632343034363b),
('ctp2i3s9mafdqe9u6krvlufnisfglufn', '192.168.1.158', 1626624692, 0x5f5f63695f6c6173745f726567656e65726174657c693a313632363632343639323b),
('8vofet9n8osk3v8av9g5g7esqbdspuro', '::1', 1626625419, 0x5f5f63695f6c6173745f726567656e65726174657c693a313632363632353431353b7265646972656374696f6e7c4e3b),
('jnenicjfupv4qmf8fqqbcpmo89tcn0lo', '192.168.1.158', 1626625677, 0x5f5f63695f6c6173745f726567656e65726174657c693a313632363632353637373b),
('f3ngl7bu90qvj9bp399babeha546sohq', '192.168.1.158', 1626626833, 0x5f5f63695f6c6173745f726567656e65726174657c693a313632363632363833333b);

-- --------------------------------------------------------

--
-- Table structure for table `contacts`
--

CREATE TABLE `contacts` (
  `id` int(10) NOT NULL,
  `parent_id` int(10) DEFAULT NULL,
  `name` varchar(32) NOT NULL,
  `subject` varchar(128) DEFAULT NULL,
  `email` varchar(64) NOT NULL,
  `message` mediumtext NOT NULL,
  `contact_date` datetime DEFAULT NULL,
  `status` tinyint(1) DEFAULT 1,
  `reply_at` datetime DEFAULT NULL
) ENGINE=InnoDB DEFAULT CHARSET=utf8mb4;

--
-- Dumping data for table `contacts`
--

INSERT INTO `contacts` (`id`, `parent_id`, `name`, `subject`, `email`, `message`, `contact_date`, `status`, `reply_at`) VALUES
(1, NULL, 'Agung Tri Saputra', 'Pengiriman kok lama?', 'martinms.za@gmail.com', 'pengiriman pesanan saya kok lama ya', '2020-03-29 07:40:13', 2, NULL),
(3, NULL, 'Admin Toko ', 'Jancok', 'admin@local.test', '123', '2021-06-28 18:14:57', 1, NULL);

-- --------------------------------------------------------

--
-- Table structure for table `coupons`
--

CREATE TABLE `coupons` (
  `id` bigint(20) NOT NULL,
  `name` varchar(191) NOT NULL,
  `code` varchar(32) NOT NULL,
  `credit` decimal(8,2) NOT NULL,
  `start_date` date NOT NULL,
  `expired_date` date NOT NULL,
  `is_active` tinyint(4) DEFAULT 1
) ENGINE=InnoDB DEFAULT CHARSET=utf8mb4;

-- --------------------------------------------------------

--
-- Table structure for table `customers`
--

CREATE TABLE `customers` (
  `id` bigint(20) NOT NULL,
  `user_id` bigint(20) UNSIGNED DEFAULT NULL,
  `name` varchar(191) NOT NULL,
  `phone_number` varchar(32) DEFAULT NULL,
  `address` varchar(191) NOT NULL,
  `profile_picture` varchar(191) DEFAULT NULL
) ENGINE=InnoDB DEFAULT CHARSET=utf8mb4;

--
-- Dumping data for table `customers`
--

INSERT INTO `customers` (`id`, `user_id`, `name`, `phone_number`, `address`, `profile_picture`) VALUES
(8, 9, 'bagusprakoso', '08983676826', 'jember sini dah', NULL);

-- --------------------------------------------------------

--
-- Table structure for table `orders`
--

CREATE TABLE `orders` (
  `id` bigint(20) NOT NULL,
  `user_id` bigint(20) UNSIGNED DEFAULT NULL,
  `coupon_id` bigint(20) DEFAULT NULL,
  `order_number` varchar(16) NOT NULL,
  `order_status` enum('1','2','3','4','5') DEFAULT '1',
  `order_date` datetime NOT NULL,
  `total_price` decimal(8,2) DEFAULT NULL,
  `total_items` int(10) DEFAULT NULL,
  `payment_method` int(11) DEFAULT 1,
  `delivery_data` text DEFAULT NULL,
  `delivered_date` datetime DEFAULT NULL,
  `finish_date` datetime DEFAULT NULL
) ENGINE=InnoDB DEFAULT CHARSET=utf8mb4;

--
-- Dumping data for table `orders`
--

INSERT INTO `orders` (`id`, `user_id`, `coupon_id`, `order_number`, `order_status`, `order_date`, `total_price`, `total_items`, `payment_method`, `delivery_data`, `delivered_date`, `finish_date`) VALUES
(12, 9, NULL, 'UAP2162119783', '4', '2021-06-21 16:44:18', '8000.00', 1, 1, '{\"customer\":{\"name\":\"bagusprakoso\",\"phone_number\":\"08983676826\",\"address\":\"jember sini dah\"},\"note\":\"jangan lama\"}', NULL, NULL),
(13, 9, NULL, 'VUF2162119405', '3', '2021-06-21 16:47:26', '13000.00', 1, 2, '{\"customer\":{\"name\":\"bagusprakoso\",\"phone_number\":\"08983676826\",\"address\":\"jember sini dah\"},\"note\":\"\"}', NULL, NULL),
(14, 9, NULL, 'RZC2262119698', '2', '2021-06-22 18:13:04', '10500.00', 1, 1, '{\"customer\":{\"name\":\"bagusprakoso\",\"phone_number\":\"08983676826\",\"address\":\"jember sini dah\"},\"note\":\"\"}', NULL, NULL),
(15, 9, NULL, 'VDU2862119482', '4', '2021-06-28 18:41:46', '90000.00', 1, 2, '{\"customer\":{\"name\":\"bagusprakoso\",\"phone_number\":\"08983676826\",\"address\":\"jember sini dah\"},\"note\":\"\"}', NULL, NULL),
(16, 9, NULL, 'GXB2862119329', '2', '2021-06-28 18:45:49', '37500.00', 1, 1, '{\"customer\":{\"name\":\"bagusprakoso\",\"phone_number\":\"08983676826\",\"address\":\"jember sini dah\"},\"note\":\"\"}', NULL, NULL),
(17, 9, NULL, 'WKI2862119234', '1', '2021-06-28 18:48:54', '10000.00', 1, 1, '{\"customer\":{\"name\":\"bagusprakoso\",\"phone_number\":\"08983676826\",\"address\":\"jember sini dah\"},\"note\":\"\"}', NULL, NULL);

-- --------------------------------------------------------

--
-- Table structure for table `order_items`
--

CREATE TABLE `order_items` (
  `id` bigint(20) NOT NULL,
  `order_id` bigint(20) DEFAULT NULL,
  `product_id` bigint(20) DEFAULT NULL,
  `order_qty` int(10) NOT NULL,
  `order_price` decimal(8,2) DEFAULT NULL
) ENGINE=InnoDB DEFAULT CHARSET=utf8mb4;

--
-- Dumping data for table `order_items`
--

INSERT INTO `order_items` (`id`, `order_id`, `product_id`, `order_qty`, `order_price`) VALUES
(20, 13, 2, 1, '10000.00'),
(21, 14, 16, 1, '7500.00'),
(22, 15, 2, 90, '1000.00'),
(23, 16, 16, 5, '7500.00'),
(24, 17, 2, 7, '1000.00');

-- --------------------------------------------------------

--
-- Table structure for table `payments`
--

CREATE TABLE `payments` (
  `id` bigint(20) NOT NULL,
  `order_id` bigint(20) DEFAULT NULL,
  `payment_price` decimal(8,2) DEFAULT NULL,
  `payment_date` datetime NOT NULL,
  `picture_name` varchar(191) DEFAULT NULL,
  `payment_status` enum('1','2','3') DEFAULT '1',
  `confirmed_date` datetime DEFAULT NULL,
  `payment_data` text DEFAULT NULL
) ENGINE=InnoDB DEFAULT CHARSET=utf8mb4;

--
-- Dumping data for table `payments`
--

INSERT INTO `payments` (`id`, `order_id`, `payment_price`, `payment_date`, `picture_name`, `payment_status`, `confirmed_date`, `payment_data`) VALUES
(4, 5, '271000.00', '2020-03-29 08:20:39', 'category-1.jpg', '1', NULL, '{\"transfer_to\":\"bri\",\"source\":{\"bank\":\"Bank BRI\",\"name\":\"Agung Tri Saputra\",\"number\":\"12-345-678-9\"}}'),
(5, 7, '78000.00', '2020-03-30 08:51:08', 'html5.jpg', '2', NULL, '{\"transfer_to\":\"btn\",\"source\":{\"bank\":\"BANK BCA\",\"name\":\"MMS\",\"number\":\"123-456\"}}'),
(6, 11, '130000.00', '2021-05-04 10:39:11', 'REAKSI_ARTILERI-removebg-preview.png', '1', NULL, '{\"transfer_to\":\"bank-jago-xx\",\"source\":{\"bank\":\"we\",\"name\":\"ddf\",\"number\":\"123\"}}'),
(7, 12, '8000.00', '2021-06-21 16:45:40', 'WhatsApp_Image_2021-06-15_at_13_57_11.jpeg', '2', NULL, '{\"transfer_to\":\"bank-jago-xx\",\"source\":{\"bank\":\"bca\",\"name\":\"bagusprakoso\",\"number\":\"1234977842\"}}'),
(8, 14, '10500.00', '2021-06-22 18:13:56', 'WhatsApp_Image_2021-06-15_at_13_57_10.jpeg', '2', NULL, '{\"transfer_to\":\"bank-jago-xx\",\"source\":{\"bank\":\"bca\",\"name\":\"bagusprakoso\",\"number\":\"1234977842\"}}'),
(9, 16, '37500.00', '2021-06-28 18:46:36', 'VirtualBox_UBUNTU_17_05_2020_21_34_00.png', '1', NULL, '{\"transfer_to\":\"bank-jago-xx\",\"source\":{\"bank\":\"bca\",\"name\":\"bagusprakoso\",\"number\":\"1234977842\"}}');

-- --------------------------------------------------------

--
-- Table structure for table `products`
--

CREATE TABLE `products` (
  `id` bigint(20) NOT NULL,
  `category_id` int(10) DEFAULT NULL,
  `sku` varchar(32) DEFAULT NULL,
  `name` varchar(191) NOT NULL,
  `description` varchar(191) DEFAULT NULL,
  `picture_name` varchar(191) DEFAULT NULL,
  `price` decimal(8,2) NOT NULL,
  `current_discount` decimal(8,2) DEFAULT 0.00,
  `stock` int(10) NOT NULL,
  `product_unit` varchar(32) DEFAULT NULL,
  `is_available` tinyint(1) DEFAULT 1,
  `add_date` datetime DEFAULT NULL
) ENGINE=InnoDB DEFAULT CHARSET=utf8mb4;

--
-- Dumping data for table `products`
--

INSERT INTO `products` (`id`, `category_id`, `sku`, `name`, `description`, `picture_name`, `price`, `current_discount`, `stock`, `product_unit`, `is_available`, `add_date`) VALUES
(2, 1, 'BS350420', 'Makaroni', NULL, 'WhatsApp_Image_2021-06-15_at_13_57_09.jpeg', '1000.00', '0.00', 10, 'pcs', 1, '2020-03-26 15:03:40'),
(15, 1, 'BP120238', 'Basreng', NULL, 'WhatsApp_Image_2021-06-15_at_13_57_08.jpeg', '15000.00', '2000.00', 20, 'pcs', 1, '2021-06-21 16:37:18'),
(16, 2, 'MA112750', 'Molreng', NULL, 'WhatsApp_Image_2021-06-15_at_13_57_11.jpeg', '15000.00', '7500.00', 12, 'pcs', 1, '2021-06-22 16:22:30'),
(20, 1, 'BAP120819', 'baso aci', NULL, 'basoaci.jpeg', '10000.00', '0.00', 20, 'pcs', 1, '2021-06-22 17:46:59');

-- --------------------------------------------------------

--
-- Table structure for table `product_category`
--

CREATE TABLE `product_category` (
  `id` int(10) NOT NULL,
  `name` varchar(191) NOT NULL
) ENGINE=InnoDB DEFAULT CHARSET=utf8mb4;

--
-- Dumping data for table `product_category`
--

INSERT INTO `product_category` (`id`, `name`) VALUES
(1, 'Pedas'),
(2, 'Asin '),
(9, 'Manis');

-- --------------------------------------------------------

--
-- Table structure for table `reviews`
--

CREATE TABLE `reviews` (
  `id` bigint(20) NOT NULL,
  `user_id` bigint(20) UNSIGNED DEFAULT NULL,
  `order_id` bigint(20) DEFAULT NULL,
  `title` varchar(191) DEFAULT NULL,
  `review_text` mediumtext NOT NULL,
  `review_date` datetime NOT NULL,
  `status` tinyint(1) NOT NULL DEFAULT 1
) ENGINE=InnoDB DEFAULT CHARSET=utf8mb4;

--
-- Dumping data for table `reviews`
--

INSERT INTO `reviews` (`id`, `user_id`, `order_id`, `title`, `review_text`, `review_date`, `status`) VALUES
(2, 7, 6, 'Sangat puas', 'Pengiriman cepat dan sayur segar', '2020-03-30 08:31:31', 1),
(3, 7, 5, 'Buah segar', 'Buah segar dan kualitasnya sangat bagus', '2020-03-30 08:33:10', 1);

-- --------------------------------------------------------

--
-- Table structure for table `settings`
--

CREATE TABLE `settings` (
  `id` int(10) NOT NULL,
  `key` varchar(32) NOT NULL,
  `content` text NOT NULL
) ENGINE=InnoDB DEFAULT CHARSET=utf8mb4;

--
-- Dumping data for table `settings`
--

INSERT INTO `settings` (`id`, `key`, `content`) VALUES
(1, 'current_theme_name', 'vegefoods'),
(2, 'store_name', 'AllOrder'),
(3, 'store_phone_number', '082197666214'),
(4, 'store_email', 'AllOrder@gmail.com'),
(5, 'store_tagline', 'Belanja Snack Gurih di AllOrder'),
(6, 'store_logo', 'Logo.png'),
(7, 'max_product_image_size', '20000'),
(8, 'store_description', 'Belanja Snack Gurih dan Renyah Hanya di AllOder'),
(9, 'store_address', 'Rambi Puji, kota jember'),
(10, 'min_shop_to_free_shipping_cost', '20000'),
(11, 'shipping_cost', '3000'),
(12, 'payment_banks', '{\"bank-jago-xx\":{\"bank\":\"BANK JAGO xx\",\"number\":\"123\",\"name\":\"MARTHARISA AYIS\"},\"\":{\"bank\":\"\",\"number\":\"\",\"name\":\"\"}}');

-- --------------------------------------------------------

--
-- Table structure for table `users`
--

CREATE TABLE `users` (
  `id` bigint(20) UNSIGNED NOT NULL,
  `name` varchar(50) COLLATE utf8mb4_unicode_ci DEFAULT NULL,
  `email` varchar(191) COLLATE utf8mb4_unicode_ci NOT NULL,
  `email_verified_at` timestamp NULL DEFAULT NULL,
  `username` varchar(16) COLLATE utf8mb4_unicode_ci NOT NULL,
  `password` varchar(191) COLLATE utf8mb4_unicode_ci NOT NULL,
  `profile_picture` varchar(128) COLLATE utf8mb4_unicode_ci DEFAULT NULL,
  `role` varchar(32) COLLATE utf8mb4_unicode_ci DEFAULT '0' COMMENT '1 = admin, 2 = customer',
  `register_date` datetime DEFAULT NULL
) ENGINE=InnoDB DEFAULT CHARSET=utf8mb4 COLLATE=utf8mb4_unicode_ci;

--
-- Dumping data for table `users`
--

INSERT INTO `users` (`id`, `name`, `email`, `email_verified_at`, `username`, `password`, `profile_picture`, `role`, `register_date`) VALUES
(1, 'Admin Toko ', 'admin@local.test', NULL, 'admin', '123', 'agung1.png', 'admin', NULL),
(9, NULL, 'bagus12@gmail.com', NULL, 'customer', '123456', NULL, 'customer', '2021-06-21 16:21:14');

--
-- Indexes for dumped tables
--

--
-- Indexes for table `ci_sessions`
--
ALTER TABLE `ci_sessions`
  ADD KEY `ci_sessions_timestamp` (`timestamp`);

--
-- Indexes for table `contacts`
--
ALTER TABLE `contacts`
  ADD PRIMARY KEY (`id`),
  ADD KEY `FK_contacts_contacts` (`parent_id`);

--
-- Indexes for table `coupons`
--
ALTER TABLE `coupons`
  ADD PRIMARY KEY (`id`);

--
-- Indexes for table `customers`
--
ALTER TABLE `customers`
  ADD PRIMARY KEY (`id`),
  ADD KEY `FK_customers_users` (`user_id`);

--
-- Indexes for table `orders`
--
ALTER TABLE `orders`
  ADD PRIMARY KEY (`id`),
  ADD KEY `FK_orders_users` (`user_id`),
  ADD KEY `FK_orders_coupons` (`coupon_id`);

--
-- Indexes for table `order_items`
--
ALTER TABLE `order_items`
  ADD PRIMARY KEY (`id`),
  ADD KEY `order_id` (`order_id`),
  ADD KEY `product_id` (`product_id`);

--
-- Indexes for table `payments`
--
ALTER TABLE `payments`
  ADD PRIMARY KEY (`id`),
  ADD KEY `order_id` (`order_id`);

--
-- Indexes for table `products`
--
ALTER TABLE `products`
  ADD PRIMARY KEY (`id`),
  ADD KEY `FK_products_product_category` (`category_id`);

--
-- Indexes for table `product_category`
--
ALTER TABLE `product_category`
  ADD PRIMARY KEY (`id`);

--
-- Indexes for table `reviews`
--
ALTER TABLE `reviews`
  ADD PRIMARY KEY (`id`),
  ADD KEY `FK_reviews_users` (`user_id`),
  ADD KEY `FK_reviews_orders` (`order_id`);

--
-- Indexes for table `settings`
--
ALTER TABLE `settings`
  ADD PRIMARY KEY (`id`) USING BTREE;

--
-- Indexes for table `users`
--
ALTER TABLE `users`
  ADD PRIMARY KEY (`id`) USING BTREE,
  ADD UNIQUE KEY `users_email_unique` (`email`) USING BTREE;

--
-- AUTO_INCREMENT for dumped tables
--

--
-- AUTO_INCREMENT for table `contacts`
--
ALTER TABLE `contacts`
  MODIFY `id` int(10) NOT NULL AUTO_INCREMENT, AUTO_INCREMENT=4;

--
-- AUTO_INCREMENT for table `coupons`
--
ALTER TABLE `coupons`
  MODIFY `id` bigint(20) NOT NULL AUTO_INCREMENT, AUTO_INCREMENT=6;

--
-- AUTO_INCREMENT for table `customers`
--
ALTER TABLE `customers`
  MODIFY `id` bigint(20) NOT NULL AUTO_INCREMENT, AUTO_INCREMENT=9;

--
-- AUTO_INCREMENT for table `orders`
--
ALTER TABLE `orders`
  MODIFY `id` bigint(20) NOT NULL AUTO_INCREMENT, AUTO_INCREMENT=18;

--
-- AUTO_INCREMENT for table `order_items`
--
ALTER TABLE `order_items`
  MODIFY `id` bigint(20) NOT NULL AUTO_INCREMENT, AUTO_INCREMENT=25;

--
-- AUTO_INCREMENT for table `payments`
--
ALTER TABLE `payments`
  MODIFY `id` bigint(20) NOT NULL AUTO_INCREMENT, AUTO_INCREMENT=10;

--
-- AUTO_INCREMENT for table `products`
--
ALTER TABLE `products`
  MODIFY `id` bigint(20) NOT NULL AUTO_INCREMENT, AUTO_INCREMENT=21;

--
-- AUTO_INCREMENT for table `product_category`
--
ALTER TABLE `product_category`
  MODIFY `id` int(10) NOT NULL AUTO_INCREMENT, AUTO_INCREMENT=10;

--
-- AUTO_INCREMENT for table `reviews`
--
ALTER TABLE `reviews`
  MODIFY `id` bigint(20) NOT NULL AUTO_INCREMENT, AUTO_INCREMENT=4;

--
-- AUTO_INCREMENT for table `settings`
--
ALTER TABLE `settings`
  MODIFY `id` int(10) NOT NULL AUTO_INCREMENT, AUTO_INCREMENT=13;

--
-- AUTO_INCREMENT for table `users`
--
ALTER TABLE `users`
  MODIFY `id` bigint(20) UNSIGNED NOT NULL AUTO_INCREMENT, AUTO_INCREMENT=10;

--
-- Constraints for dumped tables
--

--
-- Constraints for table `contacts`
--
ALTER TABLE `contacts`
  ADD CONSTRAINT `FK_contacts_contacts` FOREIGN KEY (`parent_id`) REFERENCES `contacts` (`id`) ON DELETE CASCADE ON UPDATE NO ACTION;

--
-- Constraints for table `customers`
--
ALTER TABLE `customers`
  ADD CONSTRAINT `FK_customers_users` FOREIGN KEY (`user_id`) REFERENCES `users` (`id`) ON DELETE NO ACTION ON UPDATE CASCADE;

--
-- Constraints for table `orders`
--
ALTER TABLE `orders`
  ADD CONSTRAINT `FK_orders_coupons` FOREIGN KEY (`coupon_id`) REFERENCES `coupons` (`id`) ON DELETE SET NULL ON UPDATE CASCADE,
  ADD CONSTRAINT `FK_orders_users` FOREIGN KEY (`user_id`) REFERENCES `users` (`id`) ON DELETE NO ACTION ON UPDATE CASCADE;

--
-- Constraints for table `order_items`
--
ALTER TABLE `order_items`
  ADD CONSTRAINT `order_items_ibfk_1` FOREIGN KEY (`order_id`) REFERENCES `orders` (`id`) ON DELETE CASCADE ON UPDATE NO ACTION,
  ADD CONSTRAINT `order_items_ibfk_2` FOREIGN KEY (`product_id`) REFERENCES `products` (`id`) ON DELETE CASCADE ON UPDATE NO ACTION;
COMMIT;

/*!40101 SET CHARACTER_SET_CLIENT=@OLD_CHARACTER_SET_CLIENT */;
/*!40101 SET CHARACTER_SET_RESULTS=@OLD_CHARACTER_SET_RESULTS */;
/*!40101 SET COLLATION_CONNECTION=@OLD_COLLATION_CONNECTION */;
